{"cameraMode":{"drawMode":0,"name":"Shaded","section":"Shading Mode"},"sceneLighting":true,"audioPlay":false,"sceneViewState":{"showFog":true,"showMaterialUpdate":false,"showSkybox":true,"showFlares":true,"showImageEffects":true,"showParticleSystems":true},"in2DMode":false,"pivot":{"x":-4.115324020385742,"y":-4.083242893218994,"z":-13.999850273132325},"rotation":{"x":0.03904696926474571,"y":0.07146086543798447,"z":-0.0028692118357867004,"w":0.9966748356819153},"size":4.5125837326049809,"orthographic":false}